"Player","Depth","Team","teamAbbr","total_MP","G","GS","GSpct","MP_per_game","WS","BPM","Pick","imputed"
"K. Bazemore",1,"Atlanta","ATL",5835,213,197,0.924882629107981,27.3943661971831,2.84462724935733,-0.0394001713796058,0,0
"T. Prince",1,"Atlanta","ATL",1462,77,44,0.571428571428571,18.987012987013,0.4,-3.1,12,0
"J. Collins",1,"Atlanta","ATL",1785,74,26,0.351351351351351,24.1216216216216,5.4,1.7,19,0
"D. Dedmon",1,"Atlanta","ATL",3577,196,103,0.525510204081633,18.25,4.00150964495387,0.591417388873357,0,0
"Trae Young",1,"Atlanta","ATL",1684.61975212654,70.4227050890786,38.0181370066395,0.539856243218005,23.9215427750985,2.09843089102234,-1.70742585309432,5,1
"J. Lin",2,"Atlanta","ATL",2956,115,47,0.408695652173913,25.704347826087,3.05219891745602,-0.219113667117727,0,0
"T. Dorsey",2,"Atlanta","ATL",974,56,5,0.0892857142857143,17.3928571428571,0.4,-4.2,41,0
"A. Len",2,"Atlanta","ATL",4776,224,93,0.415178571428571,21.3214285714286,2.78994974874372,-1.69422110552764,0,0
"K. Huerter",2,"Atlanta","ATL",755.680767579242,53.2322765173482,4.36327103094022,0.0819666434802624,14.1959130253046,0.892000204818244,-2.73373383257199,19,1
"O. Spellman",2,"Atlanta","ATL",474.525906465491,40.0042732455965,1.10640195341023,0.0276570941963562,11.861880443428,0.28567749536328,-3.65279738865023,30,1
"J. Adams",3,"Atlanta","ATL",15,2,0,0,7.5,0,1.9,0,0
"D. Bembry",3,"Atlanta","ATL",826,64,4,0.0625,12.90625,-0.085593220338983,-4.35508474576271,21,0
"Justin Anderson",3,"Atlanta","ATL",2394,168,19,0.113095238095238,14.25,1.53203842940685,-1.57861319966583,0,0
"A. Poythress",3,"Atlanta","ATL",261,31,1,0.032258064516129,8.41935483870968,0.220306513409962,-3.09770114942529,0,0
"Miles Plumlee",3,"Atlanta","ATL",2272,161,61,0.37888198757764,14.111801242236,1.31258802816901,-2.46628521126761,0,0
"V. Carter",4,"Atlanta","ATL",3830,191,23,0.120418848167539,20.0523560209424,2.67263707571802,-0.139843342036554,0,0
"D. Hamilton",4,"Atlanta","ATL",28,6,0,0,4.66666666666667,0.1,-1.6,56,0
"T. Robinson",4,"Atlanta","ATL",1477,119,8,0.0672268907563025,12.4117647058824,0.713744075829384,-2.67251184834123,0,0
"C. Aldrich",4,"Atlanta","ATL",1380,143,5,0.034965034965035,9.65034965034965,2.52920289855072,2.76847826086957,0,0
"R. Hunter",5,"Atlanta","ATL",369,44,1,0.0227272727272727,8.38636363636364,0.25609756097561,-3.81463414634146,0,0
"K. Irving",1,"Boston","BOS",6123,185,185,1,33.0972972972973,7.83821656050955,3.42183570145354,0,0
"J. Brown",1,"Boston","BOS",3493,148,90,0.608108108108108,23.6013513513514,3.34826796450043,-1.65886057829946,3,0
"G. Hayward",1,"Boston","BOS",5414,154,154,1,35.1558441558442,9.58886220908755,3.27663465090506,0,0
"J. Tatum",1,"Boston","BOS",2438,80,80,1,30.475,7.1,1,3,0
"A. Horford",1,"Boston","BOS",7101,222,222,1,31.9864864864865,7.92957329953528,3.75910435149979,0,0
"T. Rozier",2,"Boston","BOS",3642,193,16,0.0829015544041451,18.8704663212435,3.6396760021966,-0.408484349258649,0,0
"M. Smart",2,"Boston","BOS",5680,194,45,0.231958762886598,29.2783505154639,2.74255281690141,-0.0633450704225352,0,0
"S. Ojeleye",2,"Boston","BOS",1150,73,0,0,15.7534246575342,1.2,-3.5,37,0
"Marcus Morris",2,"Boston","BOS",6868,213,180,0.845070422535211,32.2441314553991,4.37628130460105,-0.25381479324403,0,0
"A. Baynes",2,"Boston","BOS",3881,237,70,0.29535864978903,16.3755274261603,3.34947178562226,-1.25341406853904,0,0
"W. Lemon Jr.",3,"Boston","BOS",35,5,0,0,7,-0.1,-11.7,0,0
"J. Bird",3,"Boston","BOS",115,13,1,0.0769230769230769,8.84615384615385,0.2,-2.1,56,0
"G. Yabusele",3,"Boston","BOS",235,33,4,0.121212121212121,7.12121212121212,0.6,-0.7,16,0
"D. Theis",3,"Boston","BOS",936,63,3,0.0476190476190476,14.8571428571429,3.5,2.6,0,0
"B. Wanamaker",3,"Boston","BOS",185.82740740784,21.9731095205496,0.546647591242658,0.0248780260586889,8.45703732710435,0.247544479905499,-5.20835336835175,60,1
"P. Dozier",4,"Boston","BOS",3,2,0,0,1.5,0,-34,0,0
"R. Williams",4,"Boston","BOS",79,6,0,0,13.1666666666667,0.2,-2.4,27,0
"D. Russell",1,"Brooklyn","BRK",5304,191,143,0.74869109947644,27.7696335078534,0.536934389140272,-1.03041101055807,0,0
"A. Crabbe",1,"Brooklyn","BRK",6556,235,83,0.353191489361702,27.8978723404255,3.89699511897498,-0.836653447223917,0,0
"D. Carroll",1,"Brooklyn","BRK",4848,171,167,0.976608187134503,28.3508771929825,3.51336633663366,0.510561056105611,0,0
"R. Hollis-Jefferson",1,"Brooklyn","BRK",4296,175,126,0.72,24.5485714285714,3.06997206703911,-0.416899441340782,0,0
"J. Allen",1,"Brooklyn","BRK",1441,72,31,0.430555555555556,20.0138888888889,4.2,0.2,22,0
"S. Dinwiddie",2,"Brooklyn","BRK",3799,151,76,0.503311258278146,25.158940397351,4.4473019215583,-0.408081073966833,0,0
"C. LeVert",2,"Brooklyn","BRK",3101,128,36,0.28125,24.2265625,2.10054821025476,-0.739342147694292,20,0
"J. Harris",2,"Brooklyn","BRK",3128,135,25,0.185185185185185,23.1703703703704,2.81662404092072,-1.05994245524297,0,0
"E. Davis",2,"Brooklyn","BRK",3944,205,12,0.0585365853658537,19.2390243902439,5.06569472616633,0.988919878296146,0,0
"K. Faried",2,"Brooklyn","BRK",3451,160,105,0.65625,21.56875,4.56340191248913,0.434975369458128,0,0
"S. Napier",3,"Brooklyn","BRK",2647,182,12,0.0659340659340659,14.543956043956,1.99440876463921,-1.4202493388742,0,0
"T. Graham",3,"Brooklyn","BRK",1239,90,3,0.0333333333333333,13.7666666666667,1.5864406779661,-1.18983050847458,0,0
"J. Dudley",3,"Brooklyn","BRK",4146,193,48,0.248704663212435,21.4818652849741,3.05142305836951,0.0931017848528703,0,0
"D. Musa",3,"Brooklyn","BRK",490.947595497044,40.7521043075913,1.29805648464116,0.0318525020166715,12.0471716452097,0.3469899411175,-3.59161797596121,29,1
"R. Kurucs",4,"Brooklyn","BRK",428.832419833348,37.6415859593532,0.856722586093278,0.0227600023818975,11.3925173157267,0.374252679406333,-3.38423513183902,40,1
"K. Dunn",1,"Chicago","CHI",2858,130,50,0.384615384615385,21.9846153846154,0.473512946116165,-1.0794611616515,5,0
"Z. LaVine",1,"Chicago","CHI",4699,153,104,0.679738562091503,30.7124183006536,2.42779314747819,-1.17205788465631,0,0
"J. Parker",1,"Chicago","CHI",4879,158,125,0.791139240506329,30.879746835443,3.37618364418938,-1.3877843820455,0,0
"L. Markkanen",1,"Chicago","CHI",2020,68,68,1,29.7058823529412,3.3,-1.9,7,0
"R. Lopez",1,"Chicago","CHI",6180,227,227,1,27.2246696035242,4.18228155339806,-0.347621359223301,0,0
"C. Payne",2,"Chicago","CHI",1742,113,15,0.132743362831858,15.4159292035398,0.748679678530425,-2.67807118254879,0,0
"Justin Holiday",2,"Chicago","CHI",4677,207,81,0.391304347826087,22.5942028985507,1.79854607654479,-1.42824460124011,0,0
"B. Portis",2,"Chicago","CHI",3745,199,21,0.105527638190955,18.8190954773869,2.61775700934579,-1.64050734312417,0,0
"C. Hutchison",2,"Chicago","CHI",659.415353728426,48.4727014327309,3.5334248468033,0.0728951501023085,13.6038498832904,0.842962135677249,-2.84030429962865,22,1
"W. Carter Jr.",2,"Chicago","CHI",1497.43674857341,68.557055248455,29.071006817303,0.424041066407358,21.84219761404,1.57640138898108,-2.18313263995646,7,1
"R. Arcidiacono",3,"Chicago","CHI",304,24,0,0,12.6666666666667,0.3,-4.1,0,0
"A. Blakeney",3,"Chicago","CHI",314,19,0,0,16.5263157894737,0,-6.8,0,0
"D. Valentine",3,"Chicago","CHI",3071,134,37,0.276119402985075,22.9179104477612,1.89615760338652,-1.19918593292087,14,0
"C. Felicio",3,"Chicago","CHI",2338,152,20,0.131578947368421,15.3815789473684,2.38755346449957,-0.879341317365269,0,0
"D. Walton Jr.",4,"Chicago","CHI",147,16,0,0,9.1875,0.4,-0.5,0,0
"A. Cleveland",4,"Chicago","CHI",123,17,0,0,7.23529411764706,0,-4.5,0,0
"O. Asik",4,"Chicago","CHI",1842,117,83,0.709401709401709,15.7435897435897,1.33897937024973,-4.29750271444083,0,0
"K. Walker",1,"Charlotte","CHO",8360,240,240,1,34.8333333333333,8.85208133971292,3.60712918660287,0,0
"N. Batum",1,"Charlotte","CHO",7046,211,211,1,33.39336492891,4.42970479704797,1.53417541867726,0,0
"M. Kidd-Gilchrist",1,"Charlotte","CHO",4404,162,162,1,27.1851851851852,4.46575840145322,-0.714623069936421,0,0
"Marvin Williams",1,"Charlotte","CHO",6639,235,235,1,28.2510638297872,5.98605211628257,1.53363458352161,0,0
"C. Zeller",1,"Charlotte","CHO",4126,168,118,0.702380952380952,24.5595238095238,5.33870576829859,1.41429956374212,0,0
"T. Parker",2,"Charlotte","CHO",4638,190,156,0.821052631578947,24.4105263157895,3.82587322121604,-1.93059508408797,0,0
"J. Lamb",2,"Charlotte","CHO",4337,208,23,0.110576923076923,20.8509615384615,3.69778648835601,-0.181300438090846,0,0
"F. Kaminsky",2,"Charlotte","CHO",5497,235,23,0.0978723404255319,23.3914893617021,3.04467891577224,-1.20649445151901,0,0
"B. Biyombo",2,"Charlotte","CHO",5096,245,74,0.302040816326531,20.8,3.96436420722135,-1.27892464678179,0,0
"Miles Bridges",2,"Charlotte","CHO",1115.20427360873,63.0570765110237,13.1986695365441,0.209313058372389,17.6856323717096,0.951633851675045,-2.85632905779365,12,1
"M. Monk",3,"Charlotte","CHO",854,63,0,0,13.5555555555556,0,-4.4,11,0
"D. Bacon",3,"Charlotte","CHO",713,53,6,0.113207547169811,13.4528301886792,-0.1,-5.7,40,0
"W. Hernangomez",3,"Charlotte","CHO",1819,120,23,0.191666666666667,15.1583333333333,2.96459593183068,0.244914788345245,0,0
"D. Graham",3,"Charlotte","CHO",418.167041951919,39.0003310456368,0.699836254093821,0.0179443670176773,10.7221408316405,0.349023305226413,-3.6727321682814,34,1
"G. Hill",1,"Cleveland","CLE",5880,190,182,0.957894736842105,30.9473684210526,5.19673469387755,1.40428571428571,0,0
"J.R. Smith",1,"Cleveland","CLE",5793,198,173,0.873737373737374,29.2575757575758,2.94876575176938,-0.394838598308303,0,0
"R. Hood",1,"Cleveland","CLE",5750,198,157,0.792929292929293,29.040404040404,4.13060869565217,-0.5852,0,0
"K. Love",1,"Cleveland","CLE",5960,196,196,1,30.4081632653061,7.25409395973154,1.62991610738255,0,0
"T. Thompson",1,"Cleveland","CLE",5677,213,134,0.629107981220657,26.6525821596244,6.95316188127532,0.744671481416241,0,0
"J. Clarkson",2,"Cleveland","CLE",6837,242,100,0.413223140495868,28.2520661157025,2.0329969284774,-1.99384232850666,0,0
"K. Korver",2,"Cleveland","CLE",5728,220,106,0.481818181818182,26.0363636363636,3.78523044692737,-0.117562849162011,0,0
"L. Nance Jr.",2,"Cleveland","CLE",4129,192,56,0.291666666666667,21.5052083333333,3.89295228868976,1.36999273431824,0,0
"A. Zizic",2,"Cleveland","CLE",214,32,2,0.0625,6.6875,1,0.1,23,0
"C. Sexton",2,"Cleveland","CLE",1410.3823024387,67.5705201682717,25.1297414586142,0.37190392194752,20.872745968603,1.36052916722837,-2.38308215854038,8,1
"I. Taylor",3,"Cleveland","CLE",1219,71,9,0.126760563380282,17.169014084507,0.574405250205086,-5.44692370795734,0,0
"D. Nwaba",3,"Cleveland","CLE",2043,90,23,0.255555555555556,22.7,2.08908467939305,-1.6582966226138,0,0
"C. Osman",3,"Cleveland","CLE",672,61,12,0.19672131147541,11.016393442623,0.9,-2.9,0,0
"S. Dekker",3,"Cleveland","CLE",2308,153,3,0.0196078431372549,15.0849673202614,2.36503466204506,-1.79952339688042,0,0
"C. Frye",4,"Cleveland","CLE",3293,197,48,0.243654822335025,16.7157360406091,2.98059520194352,-0.431308836926814,0,0
"D. Smith Jr.",1,"Dallas","DAL",2049,69,69,1,29.695652173913,-0.7,-2.3,0,0
"W. Matthews",1,"Dallas","DAL",7270,214,213,0.995327102803738,33.9719626168224,3.17165061898212,0.245474552957359,0,0
"H. Barnes",1,"Dallas","DAL",7479,222,215,0.968468468468468,33.6891891891892,4.40016044925792,-1.50628426260195,0,0
"D. Jordan",1,"Dallas","DAL",7592,235,235,1,32.3063829787234,10.9310590094837,3.22189146469968,0,0
"L. Doncic",1,"Dallas","DAL",1890.12778997703,72.1339952708819,48.5692128276557,0.6733193225367,26.2030098690515,2.78325464938665,-1.11317118463925,3,1
"J. Barea",2,"Dallas","DAL",4041,178,32,0.179775280898876,22.7022471910112,2.71215045780747,-0.550754763672358,0,0
"D. Harris",2,"Dallas","DAL",3707,200,1,0.005,18.535,2.41203129214999,-0.736660372268681,0,0
"D. Finney-Smith",2,"Dallas","DAL",2090,102,48,0.470588235294118,20.4901960784314,1.12133971291866,-1.7644019138756,0,0
"D. Nowitzki",2,"Dallas","DAL",5688,206,206,1,27.6116504854369,5.05541490857946,0.148804500703235,0,0
"M. Kleber",2,"Dallas","DAL",1206,72,36,0.5,16.75,2.8,0.2,0,0
"D. Powell",3,"Dallas","DAL",3997,225,30,0.133333333333333,17.7644444444444,5.0643482611959,1.52189141856392,0,0
"S. Mejri",3,"Dallas","DAL",2031,168,18,0.107142857142857,12.0892857142857,2.56001969473166,1.41683899556869,0,0
"J. Brunson",3,"Dallas","DAL",429.200819651173,39.0365047218708,0.772164077844468,0.0197805639451078,10.9948578313854,0.334843044917059,-3.67508510410432,33,1
"R. Broekhoff",3,"Dallas","DAL",185.82740740784,21.9731095205496,0.546647591242658,0.0248780260586889,8.45703732710435,0.247544479905499,-5.20835336835175,60,1
"R. Spalding",4,"Dallas","DAL",232.887403445014,25.8539398247465,0.466737463990217,0.018052856437125,9.00781099606731,0.220773436493893,-4.71762134585636,56,1
"K. Antetokounmpo",5,"Dallas","DAL",185.82740740784,21.9731095205496,0.546647591242658,0.0248780260586889,8.45703732710435,0.247544479905499,-5.20835336835175,60,1
"J. Murray",1,"Denver","DEN",4329,163,90,0.552147239263804,26.558282208589,3.78856548856549,-1.17796257796258,7,0
"G. Harris",1,"Denver","DEN",6525,200,197,0.985,32.625,4.69351724137931,0.802206896551724,0,0
"W. Barton",1,"Denver","DEN",6741,223,60,0.269058295964126,30.2286995515695,4.80329327992879,0.438985313751669,0,0
"P. Millsap",1,"Denver","DEN",6133,188,185,0.984042553191489,32.6223404255319,7.2700798956465,3.44942116419371,0,0
"N. Jokic",1,"Denver","DEN",6214,228,187,0.820175438596491,27.2543859649123,9.25648535564854,6.88492114579981,0,0
"I. Thomas",2,"Denver","DEN",6075,190,170,0.894736842105263,31.9736842105263,9.53608230452675,2.85139094650206,0,0
"Malik Beasley",2,"Denver","DEN",748,84,1,0.0119047619047619,8.90476190476191,0.277941176470588,-4.83529411764706,0,0
"T. Craig",2,"Denver","DEN",629,39,5,0.128205128205128,16.1282051282051,0.9,-2.5,0,0
"T. Lyles",2,"Denver","DEN",3931,224,39,0.174107142857143,17.5491071428571,2.42429407275502,-2.15120834393284,0,0
"Mason Plumlee",2,"Denver","DEN",5671,237,172,0.725738396624473,23.9282700421941,5.42775524598836,2.50837594780462,0,0
"Monte Morris",3,"Denver","DEN",25,3,0,0,8.33333333333333,0.2,2,0,0
"J. Hernangomez",3,"Denver","DEN",1119,87,12,0.137931034482759,12.8620689655172,1.45344057193923,-1.79508489722967,15,0
"T. Lydon",3,"Denver","DEN",2,1,0,0,2,0,-6.5,24,0
"D. Akoon-Purcell",3,"Denver","DEN",185.82740740784,21.9731095205496,0.546647591242658,0.0248780260586889,8.45703732710435,0.247544479905499,-5.20835336835175,60,1
"T. Welsh",3,"Denver","DEN",208.706626503238,23.9542464301577,0.503462407764771,0.0210176683801218,8.71271935486488,0.227395071041565,-4.95929955010327,58,1
"M. Porter Jr.",4,"Denver","DEN",993.597513642565,60.6006590999984,9.14479213253935,0.150902519351305,16.3958202501232,0.961024244610562,-2.87838729197541,14,1
"J. Vanderbilt",4,"Denver","DEN",427.688853860298,37.1945889162765,0.83198574759004,0.0223684619680246,11.4986847904949,0.353210386141649,-3.36685944709079,41,1
"R. Jackson",1,"Detroit","DET",5049,176,174,0.988636363636364,28.6875,4.32426223014458,0.35256486432957,0,0
"R. Bullock",1,"Detroit","DET",2628,130,57,0.438461538461538,20.2153846153846,3.14162861491629,0.479109589041096,0,0
"S. Johnson",1,"Detroit","DET",4952,219,57,0.26027397260274,22.6118721461187,1.00359450726979,-2.01316639741519,0,0
"B. Griffin",1,"Detroit","DET",5216,154,154,1,33.8701298701299,5.7676763803681,3.54896472392638,0,0
"A. Drummond",1,"Detroit","DET",7700,240,240,1,32.0833333333333,8.16963636363636,1.98345454545455,0,0
"I. Smith",2,"Detroit","DET",6237,240,120,0.5,25.9875,2.87965367965368,-1.25411255411255,0,0
"L. Kennard",2,"Detroit","DET",1463,73,9,0.123287671232877,20.041095890411,2.6,-1.5,12,0
"G. Robinson III",2,"Detroit","DET",2273,137,32,0.233576642335766,16.5912408759124,1.8375274967004,-1.75428948526177,0,0
"H. Ellenson",2,"Detroit","DET",475,57,2,0.0350877192982456,8.33333333333333,0.00778947368421053,-7.23031578947368,18,0
"Z. Pachulia",2,"Detroit","DET",4244,215,196,0.911627906976744,19.7395348837209,4.99321394910462,1.65098963242224,0,0
"J. Calderon",3,"Detroit","DET",3477,170,117,0.688235294117647,20.4529411764706,2.84811619211964,-1.28625251653724,0,0
"L. Galloway",3,"Detroit","DET",4391,214,11,0.0514018691588785,20.518691588785,2.24563880664997,-1.40453199726714,0,0
"J. Leuer",3,"Detroit","DET",3335,150,61,0.406666666666667,22.2333333333333,3.6432083958021,-0.558620689655172,0,0
"K. Thomas",3,"Detroit","DET",433.651776524603,38.4924752975306,0.905467017008029,0.0235232213571393,11.2658843883813,0.400356247858064,-3.44601058534133,38,1
"B. Brown",4,"Detroit","DET",238,45,0,0,5.28888888888889,-0.0449579831932773,-8.42142857142857,42,0
"Stephen Curry",1,"Golden State","GSW",6969,209,209,1,33.3444976076555,13.8342516860382,9.61888362749318,0,0
"K. Thompson",1,"Golden State","GSW",7821,231,231,1,33.8571428571429,6.70186676895538,0.14797340493543,0,0
"K. Durant",1,"Golden State","GSW",6973,202,202,1,34.519801980198,12.3907930589416,7.16279936899469,0,0
"Draymond Green",1,"Golden State","GSW",7566,227,227,1,33.3303964757709,8.64151467089611,4.88345228654507,0,0
"J. Bell",1,"Golden State","GSW",809,57,13,0.228070175438596,14.1929824561404,2.9,3.7,38,0
"S. Livingston",2,"Golden State","GSW",3994,225,13,0.0577777777777778,17.7511111111111,3.13500250375563,-1.85315473209815,0,0
"A. Iguodala",2,"Golden State","GSW",5352,205,8,0.0390243902439024,26.1073170731707,4.96961883408072,1.698355754858,0,0
"K. Looney",2,"Golden State","GSW",1378,124,8,0.0645161290322581,11.1129032258065,2.30471698113208,0.777431059506531,0,0
"Damian Jones",2,"Golden State","GSW",174,25,0,0,6.96,0.0511494252873563,-8.06551724137931,0,0
"Jacob Evans",2,"Golden State","GSW",509.074597224344,41.634666416347,1.53724554717193,0.0369222496416678,12.2271808817583,0.437435317018427,-3.51514605074455,28,1
"Q. Cook",3,"Golden State","GSW",928,47,18,0.382978723404255,19.7446808510638,1.31637931034483,-2.94956896551724,0,0
"J. Jerebko",3,"Golden State","GSW",3542,230,25,0.108695652173913,15.4,2.61581027667984,-1.58656126482213,0,0
"D. Cousins",3,"Golden State","GSW",6448,185,185,1,34.8540540540541,6.15696339950372,4.9103753101737,0,0
"D. Lee",4,"Golden State","GSW",2784,149,26,0.174496644295302,18.6845637583893,4.05513649425287,1.84705459770115,0,0
"C. Paul",1,"Houston","HOU",6188,193,193,1,32.0621761658031,11.3018745959922,7.90150290885585,0,0
"J. Harden",1,"Houston","HOU",8623,235,235,1,36.6936170212766,14.5022497970544,9.10449959410878,0,0
"C. Anthony",1,"Houston","HOU",7569,224,224,1,33.7901785714286,4.93781212841855,-0.621270973708548,0,0
"M. Chriss",1,"Houston","HOU",3270,154,124,0.805194805194805,21.2337662337662,1.28633027522936,-1.78678899082569,8,0
"C. Capela",1,"Houston","HOU",5056,216,168,0.777777777777778,23.4074074074074,7.19345332278481,1.6284414556962,0,0
"M. Carter-Williams",2,"Houston","HOU",3330,151,58,0.384105960264901,22.0529801324503,0.870720720720721,-1.15633633633634,0,0
"E. Gordon",2,"Houston","HOU",5958,189,89,0.470899470899471,31.5238095238095,3.70280295401141,-1.05652903658946,0,0
"P. Tucker",2,"Houston","HOU",7057,245,135,0.551020408163265,28.8040816326531,3.66097491852062,0.50111945585943,0,0
"J. Ennis III",2,"Houston","HOU",3434,158,55,0.348101265822785,21.7341772151899,2.88922539312755,-0.283867210250437,0,0
"N. Hilario",2,"Houston","HOU",3050,176,23,0.130681818181818,17.3295454545455,3.22504918032787,0.0693114754098361,0,0
"B. Knight",3,"Houston","HOU",3010,106,55,0.518867924528302,28.3962264150943,1.16976744186047,-1.8906976744186,0,0
"G. Green",3,"Houston","HOU",3024,157,16,0.101910828025478,19.2611464968153,1.62718253968254,-2.9645171957672,0,0
"Z. Qi",3,"Houston","HOU",124,18,0,0,6.88888888888889,-0.3,-7.2,43,0
"D. Collison",1,"Indiana","IND",6300,211,143,0.677725118483412,29.8578199052133,5.54306349206349,0.0726190476190477,0,0
"V. Oladipo",1,"Indiana","IND",7153,214,194,0.906542056074766,33.4252336448598,5.83345449461764,1.94301691597931,0,0
"Bojan Bogdanovic",1,"Indiana","IND",6662,240,173,0.720833333333333,27.7583333333333,3.18970279195437,-2.2450465325728,0,0
"Thaddeus Young",1,"Indiana","IND",7251,228,228,1,31.8026315789474,4.75760584746931,1.00441318438836,0,0
"M. Turner",1,"Indiana","IND",5744,206,173,0.839805825242718,27.8834951456311,5.77905640668524,0.738074512534819,0,0
"C. Joseph",2,"Indiana","IND",6259,242,43,0.177685950413223,25.8636363636364,3.32676146349257,-1.00661447515578,0,0
"T. Evans",2,"Indiana","IND",3160,117,63,0.538461538461538,27.008547008547,2.6493670886076,2.01787974683544,0,0
"D. McDermott",2,"Indiana","IND",5137,228,13,0.0570175438596491,22.530701754386,2.56920381545649,-2.97650379598988,0,0
"D. Sabonis",2,"Indiana","IND",3442,155,85,0.548387096774194,22.2064516129032,2.85084253341081,-2.38105752469494,11,0
"I. Anigbogu",2,"Indiana","IND",30,11,0,0,2.72727272727273,0.1,-5.4,47,0
"E. Sumner",3,"Indiana","IND",2,1,0,0,2,0,-5.3,52,0
"T. Leaf",3,"Indiana","IND",459,53,0,0,8.66037735849057,0.8,-4.8,18,0
"A. Holiday",3,"Indiana","IND",630.778027751656,47.1842227689631,3.27205713689766,0.0693464243952738,13.3684098356404,0.811450719561049,-2.89642072929568,23,1
"Alize Johnson",3,"Indiana","IND",318.163802877262,31.1320896697398,0.479746885689848,0.0154100444518557,10.2198023406863,0.270390881392781,-4.07590865685265,50,1
"P. Beverley",1,"LA Clippers","LAC",4433,149,141,0.946308724832215,29.751677852349,4.5164448454771,1.6194225129709,0,0
"A. Bradley",1,"LA Clippers","LAC",5804,177,173,0.977401129943503,32.7909604519774,3.02803239145417,-1.10766712611992,0,0
"D. Gallinari",1,"LA Clippers","LAC",4644,137,137,1,33.8978102189781,5.79287252368648,0.64052540913006,0,0
"T. Harris",1,"LA Clippers","LAC",7748,238,202,0.848739495798319,32.5546218487395,6.70069695405266,0.96295818275684,0,0
"M. Gortat",1,"LA Clippers","LAC",6887,239,238,0.99581589958159,28.81589958159,6.39133149411936,0.594816320604037,0,0
"M. Teodosic",2,"LA Clippers","LAC",1134,45,36,0.8,25.2,1.4,-1.4,0,0
"L. Williams",2,"LA Clippers","LAC",6490,227,55,0.242290748898678,28.5903083700441,5.92798151001541,0.73286594761171,0,0
"L. Mbah a Moute",2,"LA Clippers","LAC",4625,216,152,0.703703703703704,21.412037037037,2.58536216216216,-0.17027027027027,0,0
"M. Scott",2,"LA Clippers","LAC",2747,169,1,0.00591715976331361,16.2544378698225,2.60746268656716,-1.80374954495814,0,0
"M. Harrell",2,"LA Clippers","LAC",2736,173,18,0.104046242774566,15.8150289017341,4.31834795321637,1.22101608187134,0,0
"W. Johnson",3,"LA Clippers","LAC",3962,222,52,0.234234234234234,17.8468468468468,1.91489146895507,-0.0452296819787986,0,0
"J. Motley",3,"LA Clippers","LAC",176,11,4,0.363636363636364,16,0.3,-4.9,0,0
"B. Marjanovic",3,"LA Clippers","LAC",1138,128,5,0.0390625,8.890625,2.39964850615114,1.45509666080844,0,0
"S. Gilgeous-Alexander",3,"LA Clippers","LAC",1181.56811615262,64.2571833943641,15.6435003097584,0.243451385252134,18.3881093713836,1.02443272856081,-2.76867200404799,11,1
"J. Robinson",3,"LA Clippers","LAC",1052.75520633902,61.8333857299178,11.0458284933484,0.178638584365984,17.025676241268,0.926676361044169,-2.89423946983384,13,1
"Jawun Evans",4,"LA Clippers","LAC",778,48,4,0.0833333333333333,16.2083333333333,-0.2,-4.7,0,0
"T. Wallace",4,"LA Clippers","LAC",851,30,19,0.633333333333333,28.3666666666667,0.7,-2,60,0
"S. Thornwell",5,"LA Clippers","LAC",1156,73,17,0.232876712328767,15.8356164383562,1,-1.6,48,0
"R. Rondo",1,"LA Lakers","LAL",6085,206,177,0.859223300970874,29.5388349514563,3.62318816762531,0.199572719802794,0,0
"K. Caldwell-Pope",1,"LA Lakers","LAL",7776,226,225,0.995575221238938,34.4070796460177,5.03981481481481,1.00334362139918,0,0
"L. James",1,"LA Lakers","LAL",8529,232,232,1,36.7629310344828,13.5126040567476,9.04808301090397,0,0
"B. Ingram",1,"LA Lakers","LAL",4254,138,99,0.717391304347826,30.8260869565217,1.13923366243535,-2.63932769158439,2,0
"J. McGee",1,"LA Lakers","LAL",1724,176,29,0.164772727272727,9.79545454545454,2.69953596287703,0.519257540603248,0,0
"L. Ball",2,"LA Lakers","LAL",1780,52,50,0.961538461538462,34.2307692307692,2,1.7,2,0
"J. Hart",2,"LA Lakers","LAL",1461,63,23,0.365079365079365,23.1904761904762,3.4,-0.1,30,0
"L. Stephenson",2,"LA Lakers","LAL",3583,169,20,0.118343195266272,21.2011834319527,1.78188668713369,-2.16444320401898,0,0
"K. Kuzma",2,"LA Lakers","LAL",2401,77,37,0.480519480519481,31.1818181818182,3.8,-1.3,27,0
"I. Zubac",2,"LA Lakers","LAL",1019,81,11,0.135802469135802,12.5802469135802,1.05976447497547,-2.3792934249264,32,0
"Michael Beasley",3,"LA Lakers","LAL",2951,150,36,0.24,19.6733333333333,2.0376821416469,-2.17729583192138,0,0
"I. Bonga",3,"LA Lakers","LAL",430.458758492588,38.0699065027412,0.880878403039403,0.0231384440877462,11.3070610893566,0.39289332011486,-3.41698225085683,39,1
"S. Mykhailiuk",3,"LA Lakers","LAL",370.263155400846,33.5143589137481,0.594342001202191,0.0177339510724874,11.0478961078667,0.295461957028043,-3.81684884994675,47,1
"M. Wagner",3,"LA Lakers","LAL",575.255687567759,44.8381047681579,2.49532635387551,0.0556519140757167,12.8296164733591,0.662957132510883,-3.17802305432234,25,1
"A. Caruso",4,"LA Lakers","LAL",562,37,7,0.189189189189189,15.1891891891892,0.5,-2.9,0,0
"T. Wear",4,"LA Lakers","LAL",228,17,0,0,13.4117647058824,0.2,-5.1,0,0
"M. Conley",1,"Memphis","MEM",4426,137,136,0.992700729927007,32.3065693430657,7.3377993673746,3.43429733393583,0,0
"W. Selden",1,"Memphis","MEM",928,49,14,0.285714285714286,18.9387755102041,0.249137931034483,-4.25431034482759,0,0
"K. Anderson",1,"Memphis","MEM",4243,224,92,0.410714285714286,18.9419642857143,4.56636813575301,2.82413386754655,0,0
"JaMychal Green",1,"Memphis","MEM",5089,210,144,0.685714285714286,24.2333333333333,3.92112399292592,-0.705384161917862,0,0
"M. Gasol",1,"Memphis","MEM",6730,199,199,1,33.8190954773869,5.31164933135215,2.38234769687964,0,0
"S. Mack",2,"Memphis","MEM",3628,176,39,0.221590909090909,20.6136363636364,1.59658213891951,-1.85077177508269,0,0
"G. Temple",2,"Memphis","MEM",5294,210,99,0.471428571428571,25.2095238095238,2.07920287117491,-0.850226671703816,0,0
"D. Brooks",2,"Memphis","MEM",2350,82,74,0.902439024390244,28.6585365853659,1.2,-3.1,45,0
"C. Parsons",2,"Memphis","MEM",3165,131,93,0.709923664122137,24.1603053435114,2.72695102685624,-0.056429699842022,0,0
"J. Jackson Jr.",2,"Memphis","MEM",1785.04204517187,71.29848007977,43.0778842227906,0.604190779026345,25.0361865102136,2.41924402126725,-1.42567708075903,4,1
"M. Brooks",3,"Memphis","MEM",193,7,1,0.142857142857143,27.5714285714286,0.7,4.1,0,0
"O. Casspi",3,"Memphis","MEM",3263,158,30,0.189873417721519,20.6518987341772,2.67162120747778,-1.08152007355195,0,0
"I. Rabb",3,"Memphis","MEM",516,36,5,0.138888888888889,14.3333333333333,1.2,-1.5,35,0
"J. Carter",3,"Memphis","MEM",443.119554431186,39.1710053089035,0.855899914198767,0.0218503433202472,11.3124376292294,0.303137769034441,-3.68278968971156,32,1
"Andrew Harrison",4,"Memphis","MEM",2800,128,64,0.5,21.875,1.64735714285714,-2.44735714285714,0,0
"G. Dragic",1,"Miami","MIA",7200,220,220,1,32.7272727272727,5.85444444444444,1.11883333333333,0,0
"D. Wade",1,"Miami","MIA",5586,201,135,0.671641791044776,27.7910447761194,3.37389903329753,0.0667382742570712,0,0
"J. Richardson",1,"Miami","MIA",5410,186,117,0.629032258064516,29.0860215053763,3.85192236598891,0.878299445471349,0,0
"James Johnson",1,"Miami","MIA",4954,206,78,0.378640776699029,24.0485436893204,4.31126362535325,1.73304400484457,0,0
"H. Whiteside",1,"Miami","MIA",6002,204,174,0.852941176470588,29.421568627451,8.82875708097301,0.721226257914029,0,0
"T. Johnson",2,"Miami","MIA",5093,181,44,0.243093922651934,28.1381215469613,4.51144708423326,0.628666797565286,0,0
"W. Ellington",2,"Miami","MIA",5156,215,56,0.26046511627907,23.9813953488372,2.99195112490303,-1.06051202482545,0,0
"J. Winslow",2,"Miami","MIA",4537,164,48,0.292682926829268,27.6646341463415,2.17886268459334,-1.05117919329954,0,0
"K. Olynyk",2,"Miami","MIA",4712,220,36,0.163636363636364,21.4181818181818,4.62856536502547,1.67862903225806,0,0
"B. Adebayo",2,"Miami","MIA",1368,69,19,0.27536231884058,19.8260869565217,4.2,0.2,14,0
"D. Waiters",3,"Miami","MIA",4454,154,88,0.571428571428571,28.9220779220779,1.53242029636282,-2.11872474180512,0,0
"D. Jones Jr.",3,"Miami","MIA",790,52,16,0.307692307692308,15.1923076923077,0.882911392405063,-1.37911392405063,0,0
"U. Haslem",3,"Miami","MIA",462,67,0,0,6.8955223880597,0.265800865800866,-4.6017316017316,0,0
"R. McGruder",4,"Miami","MIA",2265,96,67,0.697916666666667,23.59375,2.62278145695364,-0.426401766004415,0,0
"Y. Maten",4,"Miami","MIA",185.82740740784,21.9731095205496,0.546647591242658,0.0248780260586889,8.45703732710435,0.247544479905499,-5.20835336835175,60,1
"E. Bledsoe",1,"Milwaukee","MIL",5557,171,171,1,32.4970760233918,4.89175814288285,2.70329314378262,0,0
"M. Brogdon",1,"Milwaukee","MIL",3418,123,48,0.390243902439024,27.7886178861789,3.51181977764775,-0.836102984201287,36,0
"K. Middleton",1,"Milwaukee","MIL",6723,190,184,0.968421052631579,35.3842105263158,5.85979473449353,0.365833705191135,0,0
"G. Antetokounmpo",1,"Milwaukee","MIL",8424,235,234,0.995744680851064,35.8468085106383,10.4603157644824,5.26851851851852,0,0
"B. Lopez",1,"Milwaukee","MIL",6414,222,220,0.990990990990991,28.8918918918919,5.10043654505769,1.15288431555971,0,0
"P. Connaughton",2,"Milwaukee","MIL",1947,155,6,0.0387096774193548,12.5612903225806,1.99332306111967,-2.00154083204931,0,0
"T. Snell",2,"Milwaukee","MIL",5690,219,172,0.785388127853881,25.9817351598174,2.35325131810193,-1.91534270650264,0,0
"E. Ilyasova",2,"Milwaukee","MIL",5752,225,151,0.671111111111111,25.5644444444444,4.16804589707928,-0.123435326842837,0,0
"J. Henson",2,"Milwaukee","MIL",4053,191,109,0.570680628272251,21.2198952879581,3.67458672588206,0.545694547248951,0,0
"D. DiVincenzo",2,"Milwaukee","MIL",839.843412165951,56.5367130622602,5.51935158158444,0.0976242035066017,14.8548326684837,0.926672242293704,-2.79960277167156,17,1
"M. Dellavedova",3,"Milwaukee","MIL",4565,190,71,0.373684210526316,24.0263157894737,2.1541730558598,-3.61932092004381,0,0
"S. Brown",3,"Milwaukee","MIL",776,54,4,0.0740740740740741,14.3703703703704,0.7,-4,46,0
"D. Wilson",3,"Milwaukee","MIL",71,22,0,0,3.22727272727273,0.1,-4.1,17,0
"T. Maker",3,"Milwaukee","MIL",1800,131,46,0.351145038167939,13.7404580152672,1.43755555555556,-2.32533333333333,10,0
"J. Teague",1,"Minnesota","MIN",7223,231,230,0.995670995670996,31.2683982683983,6.38932576491762,0.856569292537727,0,0
"J. Butler",1,"Minnesota","MIN",7447,202,201,0.995049504950495,36.8663366336634,10.8147173358399,5.38446354236605,0,0
"A. Wiggins",1,"Minnesota","MIN",8872,245,245,1,36.2122448979592,3.46280432822362,-2.44044183949504,0,0
"T. Gibson",1,"Minnesota","MIN",6651,233,208,0.892703862660944,28.5450643776824,5.7190798376184,0.288573146895204,0,0
"K. Towns",1,"Minnesota","MIN",8575,246,246,1,34.8577235772358,11.7944139941691,4.46082798833819,0,0
"Tyus Jones",2,"Minnesota","MIN",2814,179,11,0.0614525139664804,15.7206703910615,2.35042643923241,-0.987846481876333,0,0
"L. Deng",2,"Minnesota","MIN",3893,131,123,0.938931297709924,29.7175572519084,4.27921911122528,0.18574364243514,0,0
"A. Tolliver",2,"Minnesota","MIN",4575,216,28,0.12962962962963,21.1805555555556,3.59868852459016,0.446928961748634,0,0
"G. Dieng",2,"Minnesota","MIN",6206,243,121,0.497942386831276,25.5390946502058,5.17012568482114,1.54208830164357,0,0
"J. Okogie",2,"Minnesota","MIN",718.074241746147,51.5581012491828,3.8422790756058,0.0745232850417799,13.9274764653504,0.86913109538227,-2.76804732051707,20,1
"D. Rose",3,"Minnesota","MIN",4599,155,137,0.883870967741936,29.6709677419355,1.52224396607958,-3.07716894977169,0,0
"J. Patton",3,"Minnesota","MIN",4,1,0,0,4,0,3.3,16,0
"J. Nunnally",3,"Minnesota","MIN",185.82740740784,21.9731095205496,0.546647591242658,0.0248780260586889,8.45703732710435,0.247544479905499,-5.20835336835175,60,1
"K. Bates-Diop",3,"Minnesota","MIN",349.725993738157,32.7456258143883,0.536208677021038,0.0163749711201253,10.6800827603817,0.291359150676324,-3.89843469552126,48,1
"C. Williams",4,"Minnesota","MIN",707,38,17,0.447368421052632,18.6052631578947,0.7,-1.4,0,0
"Jrue Holiday",1,"New Orleans","NOP",6948,213,165,0.774647887323944,32.6197183098592,5.0847869890616,1.8685089234312,0,0
"E. Moore",1,"New Orleans","NOP",5669,214,124,0.579439252336449,26.4906542056075,3.27496913035809,-0.909613688481214,0,0
"S. Hill",1,"New Orleans","NOP",3427,151,75,0.496688741721854,22.6953642384106,2.39559381383134,-0.41517362124307,0,0
"J. Randle",1,"New Orleans","NOP",6608,237,182,0.767932489451477,27.8818565400844,3.87009685230024,-0.947124697336562,0,0
"A. Davis",1,"New Orleans","NOP",7599,211,211,1,36.0142180094787,10.8867877352283,3.81113304382156,0,0
"E. Payton",2,"New Orleans","NOP",6365,218,190,0.871559633027523,29.197247706422,3.20411626080126,-0.0686410054988217,0,0
"I. Clark",2,"New Orleans","NOP",3170,217,3,0.0138248847926267,14.6082949308756,1.49394321766562,-3.05441640378549,0,0
"D. Miller",2,"New Orleans","NOP",1944,82,3,0.0365853658536585,23.7073170731707,3,-1,0,0
"N. Mirotic",2,"New Orleans","NOP",4819,191,67,0.350785340314136,25.2303664921466,3.89616102925918,0.735256277235941,0,0
"J. Okafor",2,"New Orleans","NOP",3078,131,81,0.618320610687023,23.4961832061069,1.13118908382066,-3.85113710201429,0,0
"C. Diallo",3,"New Orleans","NOP",780,69,0,0,11.304347826087,1.54282051282051,-3.73782051282051,33,0
"A. Ajinca",3,"New Orleans","NOP",1445,98,32,0.326530612244898,14.7448979591837,1,-4.33833910034602,0,0
"F. Jackson",3,"New Orleans","NOP",458.651749099959,39.4711543142928,0.96291129575363,0.0243953163387713,11.6199223728777,0.278538808782025,-3.68048181969592,31,1
"T. Bluiett",3,"New Orleans","NOP",185.82740740784,21.9731095205496,0.546647591242658,0.0248780260586889,8.45703732710435,0.247544479905499,-5.20835336835175,60,1
"T. Burke",1,"New York","NYK",2854,157,9,0.0573248407643312,18.1783439490446,1.78840224246671,-2.08622985283812,0,0
"C. Lee",1,"New York","NYK",7103,232,208,0.896551724137931,30.6163793103448,4.00385752498944,-0.231775306208644,0,0
"T. Hardaway Jr.",1,"New York","NYK",4903,187,85,0.454545454545455,26.2192513368984,3.44315725066286,-0.540301856006527,0,0
"M. Hezonja",1,"New York","NYK",4030,219,41,0.187214611872146,18.4018264840183,1.09449131513648,-2.66848635235732,0,0
"E. Kanter",1,"New York","NYK",5084,225,72,0.32,22.5955555555556,7.2264948859166,-0.0374311565696303,0,0
"E. Mudiay",2,"New York","NYK",4719,187,121,0.647058823529412,25.2352941176471,-0.860690824327188,-4.22676414494596,0,0
"F. Ntilikina",2,"New York","NYK",1706,78,9,0.115384615384615,21.8717948717949,-0.9,-3.9,8,0
"L. Thomas",2,"New York","NYK",3634,178,51,0.286516853932584,20.4157303370787,1.18904788112273,-3.10979636763897,0,0
"K. Knox",2,"New York","NYK",1328.53372986667,66.5284532719402,21.5699464739121,0.324221373158087,19.9694065400286,1.19736459820711,-2.54686262946082,9,1
"M. Robinson",2,"New York","NYK",423.494505831123,38.9536783953335,0.78028247092489,0.0200310343738517,10.8717462195266,0.372767789831765,-3.57249627355563,36,1
"R. Baker",3,"New York","NYK",1242,81,14,0.172839506172839,15.3333333333333,0.0859903381642512,-3.34605475040258,0,0
"D. Dotson",3,"New York","NYK",474,44,2,0.0454545454545455,10.7727272727273,0.6,-3.1,44,0
"N. Vonleh",3,"New York","NYK",3314,206,113,0.548543689320388,16.0873786407767,1.53464091732046,-3.72420036210018,0,0
"L. Kornet",3,"New York","NYK",326,20,1,0.05,16.3,0.5,0.2,0,0
"K. Porzingis",4,"New York","NYK",5764,186,185,0.994623655913978,30.989247311828,4.11422623178348,-0.0424878556557946,0,0
"J. Noah",4,"New York","NYK",1690,82,48,0.585365853658537,20.609756097561,1.73698224852071,1.99881656804734,0,0
"I. Hicks",5,"New York","NYK",240,18,0,0,13.3333333333333,0,-5.6,0,0
"R. Westbrook",1,"Oklahoma City","OKC",8466,241,241,1,35.1286307053942,12.3597448618001,11.2338766832034,0,0
"A. Roberson",1,"Oklahoma City","OKC",4966,188,188,1,26.4148936170213,3.53217881594845,0.751047120418848,0,0
"P. George",1,"Oklahoma City","OKC",8399,235,235,1,35.7404255319149,8.42440766757947,3.30173830217883,0,0
"Jerami Grant",1,"Oklahoma City","OKC",5244,238,57,0.239495798319328,22.0336134453782,3.37000381388253,-1.31371090770404,0,0
"S. Adams",1,"Oklahoma City","OKC",6890,236,236,1,29.1949152542373,7.65506531204644,2.01304789550073,0,0
"D. Schroder",2,"Oklahoma City","OKC",6184,226,151,0.668141592920354,27.3628318584071,2.9371765847348,-0.883489650711514,0,0
"A. Abrines",2,"Oklahoma City","OKC",2189,143,14,0.0979020979020979,15.3076923076923,2.15180447693011,-2.34458656920969,0,0
"T. Ferguson",2,"Oklahoma City","OKC",763,61,12,0.19672131147541,12.5081967213115,1.2,-2.5,21,0
"P. Patterson",2,"Oklahoma City","OKC",4889,226,11,0.0486725663716814,21.6327433628319,3.24211495193291,0.369830231131111,0,0
"N. Noel",2,"Oklahoma City","OKC",3484,148,87,0.587837837837838,23.5405405405405,3.07020665901263,1.49193455797933,0,0
"R. Felton",3,"Oklahoma City","OKC",5257,242,44,0.181818181818182,21.7231404958678,2.31147042039186,-1.42568004565341,0,0
"T. Luwawu-Cabarrot",3,"Oklahoma City","OKC",1997,121,26,0.214876033057851,16.504132231405,0.8,-4.2828743114672,0,0
"A. Nader",3,"Oklahoma City","OKC",522,48,1,0.0208333333333333,10.875,-0.1,-5.6,58,0
"T. Davis",3,"Oklahoma City","OKC",185.82740740784,21.9731095205496,0.546647591242658,0.0248780260586889,8.45703732710435,0.247544479905499,-5.20835336835175,60,1
"H. Diallo",4,"Oklahoma City","OKC",406.264183098242,34.9613407252815,0.709107861352038,0.0202826278009202,11.6203833912028,0.306713957516147,-3.66678214852479,45,1
"D. Burton",4,"Oklahoma City","OKC",185.82740740784,21.9731095205496,0.546647591242658,0.0248780260586889,8.45703732710435,0.247544479905499,-5.20835336835175,60,1
"D. Augustin",1,"Orlando","ORL",4476,215,56,0.26046511627907,20.8186046511628,2.70875781948168,-2.24445933869526,0,0
"E. Fournier",1,"Orlando","ORL",6637,204,194,0.950980392156863,32.5343137254902,4.05959017628447,-0.277655567274371,0,0
"J. Simmons",1,"Orlando","ORL",4234,202,60,0.297029702970297,20.960396039604,1.95207841284837,-1.91887104393009,0,0
"A. Gordon",1,"Orlando","ORL",6070,216,166,0.768518518518518,28.1018518518519,3.9701647446458,0.287446457990115,0,0
"N. Vucevic",1,"Orlando","ORL",5883,197,172,0.873096446700508,29.8629441624365,4.30107088220296,1.72656807751147,0,0
"Jerian Grant",2,"Orlando","ORL",3979,213,60,0.28169014084507,18.6807511737089,2.29851721538075,-2.00588087459161,0,0
"T. Ross",2,"Orlando","ORL",4302,175,51,0.291428571428571,24.5828571428571,3.0943049744305,-0.510437006043701,0,0
"J. Isaac",2,"Orlando","ORL",536,27,10,0.37037037037037,19.8518518518519,0.2,-1.8,6,0
"M. Frazier Jr.",2,"Orlando","ORL",416.243142915646,38.9951627726436,0.697137954281823,0.0178775495398339,10.6742250402313,0.355276073291768,-3.64427035380298,35,1
"M. Bamba",2,"Orlando","ORL",1588.80027586488,69.5083401836821,33.3581476452537,0.479915756254598,22.8576926404275,1.81992598858635,-1.95891245548395,6,1
"W. Iwundu",3,"Orlando","ORL",1020,62,12,0.193548387096774,16.4516129032258,0.7,-3.5,33,0
"J. Martin",3,"Orlando","ORL",2599,142,39,0.274647887323944,18.3028169014085,1.07660638707195,-3.75921508272413,0,0
"T. Mozgov",3,"Orlando","ORL",2789,161,113,0.701863354037267,17.3229813664596,2.24603800645393,-2.52330584438867,0,0
"K. Birch",4,"Orlando","ORL",578,42,0,0,13.7619047619048,1.8,0.3,0,0
"B. Simmons",1,"Philadelphia","PHI",2732,81,81,1,33.7283950617284,9.2,4.6,1,0
"J. Redick",1,"Philadelphia","PHI",6411,223,223,1,28.7488789237668,6.01558259241928,0.227390422710965,0,0
"R. Covington",1,"Philadelphia","PHI",6554,214,196,0.91588785046729,30.6261682242991,3.93959414098261,1.3603906011596,0,0
"D. Saric",1,"Philadelphia","PHI",4439,159,109,0.685534591194969,27.9182389937107,3.91416985807614,-0.326605091236765,0,0
"J. Embiid",1,"Philadelphia","PHI",2698,94,94,1,28.7021276595745,4.9472942920682,2.74566345441067,0,0
"M. Fultz",2,"Philadelphia","PHI",253,14,0,0,18.0714285714286,0.2,-3,1,0
"T. McConnell",2,"Philadelphia","PHI",5445,238,69,0.289915966386555,22.8781512605042,3.23959595959596,-1.58301193755739,0,0
"W. Chandler",2,"Philadelphia","PHI",4543,145,104,0.717241379310345,31.3310344827586,3.39672022892362,-0.9,0,0
"M. Muscala",2,"Philadelphia","PHI",2862,183,10,0.0546448087431694,15.6393442622951,2.67428371767994,0.450803633822502,0,0
"Amir Johnson",2,"Philadelphia","PHI",4579,233,171,0.733905579399142,19.6523605150215,5.12362961345272,2.69349202882725,0,0
"J. Bayless",3,"Philadelphia","PHI",2501,94,30,0.319148936170213,26.6063829787234,1.84822071171531,-1.83314674130348,0,0
"F. Korkmaz",3,"Philadelphia","PHI",80,14,0,0,5.71428571428571,0,-6.9,26,0
"Z. Smith",3,"Philadelphia","PHI",885.541921379356,58.044228454488,6.23103055351165,0.107349700726875,15.2563303011892,0.939516829895465,-2.86228934414445,16,1
"L. Shamet",4,"Philadelphia","PHI",551.071822361,43.7029300721325,2.14120396776673,0.0489945173980929,12.6094937216211,0.576498210377486,-3.34296819757774,26,1
"S. Milton",4,"Philadelphia","PHI",258.678311201579,27.6786265435147,0.443985488733913,0.0160407341034753,9.34577844008626,0.225491090719808,-4.48669475195123,54,1
"D. Jackson",5,"Philadelphia","PHI",97,20,0,0,4.85,-0.0649484536082474,-3.4319587628866,45,0
"D. Booker",1,"Phoenix","PHO",6703,208,183,0.879807692307692,32.2259615384615,2.07984484559153,-1.80035804863494,0,0
"T. Ariza",1,"Phoenix","PHO",7901,228,228,1,34.6535087719298,5.58186305530946,1.57019364637388,0,0
"R. Anderson",1,"Phoenix","PHO",5849,204,129,0.632352941176471,28.671568627451,4.63573260386391,-0.711061719952129,0,0
"D. Ayton",1,"Phoenix","PHO",2113.83700519918,73.6775667148691,60.7693559479426,0.824801342627382,28.6903748243979,3.62781075479906,-0.40200641736086,1,1
"T. Daniels",2,"Phoenix","PHO",3281,189,18,0.0952380952380952,17.3597883597884,1.32042060347455,-2.71097226455349,0,0
"Josh Jackson",2,"Phoenix","PHO",1959,77,35,0.454545454545455,25.4415584415584,-0.7,-4.3,0,0
"D. Bender",2,"Phoenix","PHO",2643,125,37,0.296,21.144,0.0131290200529701,-3.04748391978812,4,0
"R. Holmes",2,"Phoenix","PHO",2641,156,20,0.128205128205128,16.9294871794872,2.9061719045816,1.00889814464218,0,0
"E. Okobo",2,"Phoenix","PHO",458.651749099959,39.4711543142928,0.96291129575363,0.0243953163387713,11.6199223728777,0.278538808782025,-3.68048181969592,31,1
"D. Reed",3,"Phoenix","PHO",242,21,1,0.0476190476190476,11.5238095238095,-0.3,-6.7,32,0
"T. Warren",3,"Phoenix","PHO",5260,178,128,0.719101123595506,29.5505617977528,3.42844106463878,-1.13463878326996,0,0
"D. Arthur",3,"Phoenix","PHO",2296,130,24,0.184615384615385,17.6615384615385,1.82478222996516,-0.557926829268293,0,0
"T. Chandler",3,"Phoenix","PHO",4067,159,152,0.955974842767296,25.5786163522013,3.58443570199164,-0.379567248586181,0,0
"D. Melton",3,"Phoenix","PHO",390.432599838518,34.2538915134629,0.658099997250105,0.0192124155292385,11.3981968934848,0.299439027673322,-3.73969955825815,46,1
"I. Canaan",4,"Phoenix","PHO",2980,136,40,0.294117647058824,21.9117647058824,1.10791946308725,-2.79657718120805,0,0
"Mikal Bridges",4,"Phoenix","PHO",1252.47013467162,65.419158330987,18.4206617650499,0.281579008886829,19.1453110468767,1.09583771469471,-2.67045455295021,10,1
"D. Lillard",1,"Portland","POR",8040,223,223,1,36.0538116591928,10.7311940298507,4.89731343283582,0,0
"C. McCollum",1,"Portland","POR",8499,241,241,1,35.2655601659751,6.73272149664666,0.597387927991528,0,0
"M. Harkless",1,"Portland","POR",4944,214,119,0.55607476635514,23.1028037383178,3.56122572815534,0.715999190938511,0,0
"A. Aminu",1,"Portland","POR",6186,212,174,0.820754716981132,29.1792452830189,3.46509860976398,0.128855480116392,0,0
"J. Nurkic",1,"Portland","POR",4026,176,130,0.738636363636364,22.875,3.18291107799305,-0.0901390958768008,0,0
"Seth Curry",2,"Portland","POR",2721,114,51,0.447368421052632,23.8684210526316,3.7861815509004,0.662477030503491,0,0
"N. Stauskas",2,"Portland","POR",4520,194,62,0.319587628865979,23.2989690721649,0.912522123893805,-3.0653982300885,0,0
"E. Turner",2,"Portland","POR",5963,225,64,0.284444444444444,26.5022222222222,2.74392084521214,-1.60350494717424,0,0
"M. Leonard",2,"Portland","POR",2809,168,24,0.142857142857143,16.7202380952381,1.75250978996084,-2.06603773584906,0,0
"Z. Collins",2,"Portland","POR",1045,66,1,0.0151515151515152,15.8333333333333,0.6,-3.2,10,0
"W. Baldwin IV",3,"Portland","POR",485,40,1,0.025,12.125,-0.201030927835052,-4.75979381443299,0,0
"J. Layman",3,"Portland","POR",409,70,2,0.0285714285714286,5.84285714285714,-0.221760391198044,-6.46112469437653,47,0
"C. Swanigan",3,"Portland","POR",189,27,3,0.111111111111111,7,0,-5.4,26,0
"G. Trent Jr.",3,"Portland","POR",431.953320450169,38.8085564061484,0.874585711954075,0.0225358991146477,11.1303630037044,0.391220499726999,-3.49415974493615,37,1
"A. Simons",4,"Portland","POR",601.772149065078,46.0069568089355,2.87513132258784,0.0624934036504112,13.0800250832544,0.7484075538344,-3.01004627677631,24,1
"D. Fox",1,"Sacramento","SAC",2026,73,60,0.821917808219178,27.7534246575342,-0.6,-4.4,5,0
"B. Hield",1,"Sacramento","SAC",3912,162,67,0.41358024691358,24.1481481481481,2.0760736196319,-1.40654396728016,6,0
"Bogdan Bogdanovic",1,"Sacramento","SAC",2175,78,53,0.67948717948718,27.8846153846154,2.9,-1,0,0
"Z. Randolph",1,"Sacramento","SAC",5310,200,115,0.575,26.55,3.13483992467043,-1.52124293785311,0,0
"W. Cauley-Stein",1,"Sacramento","SAC",4877,214,118,0.551401869158878,22.7897196261682,3.57968013122821,0.0206684437153989,0,0
"Y. Ferrell",2,"Sacramento","SAC",3479,128,50,0.390625,27.1796875,2.58712273641851,-0.896780684104628,0,0
"I. Shumpert",2,"Sacramento","SAC",3529,144,42,0.291666666666667,24.5069444444444,1.73170869934826,-1.10096344573534,0,0
"Justin Jackson",2,"Sacramento","SAC",1506,68,41,0.602941176470588,22.1470588235294,1,-3.5,0,0
"M. Bagley III",2,"Sacramento","SAC",1999.76397653828,72.9275807775397,54.4801931451396,0.747045117420356,27.4212301466357,3.18622907219618,-0.771768546420524,2,1
"H. Giles",2,"Sacramento","SAC",718.074241746147,51.5581012491828,3.8422790756058,0.0745232850417799,13.9274764653504,0.86913109538227,-2.76804732051707,20,1
"F. Mason III",3,"Sacramento","SAC",984,52,2,0.0384615384615385,18.9230769230769,0.5,-3.4,0,0
"B. McLemore",3,"Sacramento","SAC",3710,185,96,0.518918918918919,20.0540540540541,0.390512129380054,-3.85649595687332,0,0
"N. Bjelica",3,"Sacramento","SAC",3636,192,22,0.114583333333333,18.9375,2.10844334433443,-0.0827832783278328,0,0
"K. Koufos",3,"Sacramento","SAC",4292,220,89,0.404545454545455,19.5090909090909,3.33208294501398,-0.880475302889096,0,0
"J. Artis",4,"Sacramento","SAC",279,15,1,0.0666666666666667,18.6,0,-5.9,0,0
"S. Labissiere",4,"Sacramento","SAC",1852,93,40,0.43010752688172,19.9139784946237,1.36695464362851,-2.6,28,0
"D. Murray",1,"San Antonio","SAS",2065,119,56,0.470588235294118,17.3529411764706,2.70101694915254,0.264406779661017,29,0
"D. DeRozan",1,"San Antonio","SAS",8135,232,232,1,35.0646551724138,9.51016594960049,1.37226797787339,0,0
"R. Gay",1,"San Antonio","SAS",4623,157,106,0.67515923566879,29.4458598726115,3.17536231884058,0.0274280770062729,0,0
"L. Aldridge",1,"San Antonio","SAS",7105,221,221,1,32.1493212669683,9.42944405348346,2.06678395496129,0,0
"P. Gasol",1,"San Antonio","SAS",5730,213,174,0.816901408450704,26.9014084507042,6.55338568935428,3.66183246073298,0,0
"P. Mills",2,"San Antonio","SAS",5523,243,47,0.193415637860082,22.7283950617284,4.62822741263806,0.77182690566721,0,0
"B. Forbes",2,"San Antonio","SAS",1802,116,12,0.103448275862069,15.5344827586207,1.78368479467259,-3.55865704772475,0,0
"M. Belinelli",2,"San Antonio","SAS",5397,222,9,0.0405405405405405,24.3108108108108,2.54391328515842,-2.39609042060404,0,0
"D. Bertans",2,"San Antonio","SAS",1894,144,16,0.111111111111111,13.1527777777778,2.75871172122492,1.34128827877508,0,0
"J. Poeltl",2,"San Antonio","SAS",2150,136,4,0.0294117647058824,15.8088235294118,4.4353488372093,2.1353488372093,9,0
"D. White",3,"San Antonio","SAS",139,17,0,0,8.17647058823529,0.5,0.5,29,0
"Q. Pondexter",3,"San Antonio","SAS",196,23,1,0.0434782608695652,8.52173913043478,-0.2,-6.7,0,0
"D. Cunningham",3,"San Antonio","SAS",5182,219,106,0.484018264840183,23.662100456621,2.47682362022385,-1.03753377074489,0,0
"L. Walker IV",3,"San Antonio","SAS",797.420337468986,54.9122714357938,4.99554067334062,0.0909731202647783,14.5217146662995,0.915117779911478,-2.7396337823804,18,1
"C. Metu",4,"San Antonio","SAS",332.791258803378,31.9505751036351,0.500448642923841,0.0156632123616111,10.4158143546379,0.283707013714179,-3.98466176691237,49,1
"K. Lowry",1,"Toronto","TOR",7605,215,215,1,35.3720930232558,10.6953320184089,6.44394477317554,0,0
"Danny Green",1,"Toronto","TOR",5660,217,207,0.953917050691244,26.0829493087558,3.5332332155477,2.12957597173145,0,0
"K. Leonard",1,"Toronto","TOR",5064,155,155,1,32.6709677419355,13.1203396524487,8.00505529225908,0,0
"S. Ibaka",1,"Toronto","TOR",7015,233,233,1,30.1072961373391,5.24255167498218,-0.233414112615823,0,0
"J. Valanciunas",1,"Toronto","TOR",5350,217,216,0.995391705069124,24.6543778801843,7.5121308411215,0.572635514018692,0,0
"D. Wright",2,"Toronto","TOR",2108,123,5,0.040650406504065,17.1382113821138,3.3569734345351,2.06010436432638,0,0
"C. Miles",2,"Toronto","TOR",4577,210,56,0.266666666666667,21.7952380952381,3.39080183526327,-0.404041948874809,0,0
"O. Anunoby",2,"Toronto","TOR",1481,74,62,0.837837837837838,20.0135135135135,3,0.6,23,0
"P. Siakam",2,"Toronto","TOR",2538,136,43,0.316176470588235,18.6617647058824,3.65078802206462,1.01694247438928,27,0
"G. Monroe",2,"Toronto","TOR",5177,211,81,0.383886255924171,24.5355450236967,6.0073015259803,1.85686691133861,0,0
"F. VanVleet",3,"Toronto","TOR",1814,113,0,0,16.0530973451327,3.97067254685777,1.07342888643881,0,0
"M. Richardson",3,"Toronto","TOR",522,48,4,0.0833333333333333,10.875,-0.0241379310344828,-6.05862068965517,22,0
"N. Powell",3,"Toronto","TOR",3155,195,60,0.307692307692308,16.1794871794872,1.78370839936609,-1.6848177496038,0,0
"L. Brown",4,"Toronto","TOR",200,22,0,0,9.09090909090909,0.078,-4.9825,0,0
"J. Loyd",4,"Toronto","TOR",185.82740740784,21.9731095205496,0.546647591242658,0.0248780260586889,8.45703732710435,0.247544479905499,-5.20835336835175,60,1
"R. Rubio",1,"Utah","UTA",7046,228,228,1,30.9035087719298,5.74517456713029,1.45056769798467,0,0
"D. Mitchell",1,"Utah","UTA",2638,79,71,0.89873417721519,33.3924050632911,5.2,1.1,13,0
"J. Ingles",1,"Utah","UTA",5791,245,109,0.444897959183673,23.6367346938775,5.57884648592644,2.32089449145225,0,0
"D. Favors",1,"Utah","UTA",5322,189,175,0.925925925925926,28.1587301587302,6.48355881247651,2.07602405110861,0,0
"R. Gobert",1,"Utah","UTA",6492,198,197,0.994949494949495,32.7878787878788,10.2146642020949,4.75545286506469,0,0
"D. Exum",2,"Utah","UTA",1463,80,26,0.325,18.2875,1.11968557758031,-2.29118250170882,0,0
"A. Burks",2,"Utah","UTA",2509,137,4,0.0291970802919708,18.3138686131387,1.48664806695895,-3.06907134316461,0,0
"R. O'Neale",2,"Utah","UTA",1150,69,4,0.0579710144927536,16.6666666666667,2.4,-0.6,0,0
"J. Crowder",2,"Utah","UTA",6733,225,192,0.853333333333333,29.9244444444444,5.63298678152384,0.986989454923511,0,0
"E. Udoh",2,"Utah","UTA",810,63,3,0.0476190476190476,12.8571428571429,3.2,5.7,0,0
"R. Neto",3,"Utah","UTA",2343,162,53,0.327160493827161,14.462962962963,1.44626547161758,-2.19594536918481,0,0
"T. Sefolosha",3,"Utah","UTA",4160,175,59,0.337142857142857,23.7714285714286,3.67149038461538,1.29336538461538,0,0
"G. Niang",3,"Utah","UTA",125,32,0,0,3.90625,-0.2232,-9.952,50,0
"T. Bradley",3,"Utah","UTA",29,9,0,0,3.22222222222222,0,-9.6,28,0
"G. Allen",3,"Utah","UTA",687.249931094566,49.9511185735572,3.6494343233438,0.0730601121168029,13.7584492744148,0.857486999976464,-2.80054198645254,21,1
"T. Cavanaugh",4,"Utah","UTA",518,39,1,0.0256410256410256,13.2820512820513,1.2,-1,0,0
"J. Wall",1,"Washington","WAS",7030,196,196,1,35.8673469387755,6.34887624466572,3.22210526315789,0,0
"B. Beal",1,"Washington","WAS",7369,214,194,0.906542056074766,34.4345794392523,6.50928212783281,1.34901614873117,0,0
"O. Porter Jr.",1,"Washington","WAS",7313,232,230,0.991379310344828,31.5215517241379,7.78501299056475,3.1466566388623,0,0
"Markieff Morris",1,"Washington","WAS",5971,213,194,0.910798122065728,28.0328638497653,2.85417852955954,-1.32627700552671,0,0
"D. Howard",1,"Washington","WAS",6942,226,226,1,30.716814159292,7.20946413137424,0.819187554019015,0,0
"T. Satoransky",2,"Washington","WAS",2362,130,33,0.253846153846154,18.1692307692308,3.6606265876376,-0.178492802709568,0,0
"A. Rivers",2,"Washington","WAS",5575,202,95,0.47029702970297,27.5990099009901,2.30554260089686,-1.49928251121076,0,0
"K. Oubre Jr.",2,"Washington","WAS",4507,223,25,0.112107623318386,20.2107623318386,2.60330596849345,-2.27656978034169,0,0
"Jeff Green",2,"Washington","WAS",5615,227,65,0.286343612334802,24.7356828193833,2.70477292965272,-2.55738201246661,0,0
"I. Mahinmi",2,"Washington","WAS",3516,179,71,0.396648044692737,19.6424581005587,4.13970420932878,1.13791240045506,0,0
"J. Meeks",3,"Washington","WAS",1900,116,10,0.0862068965517241,16.3793103448276,1.60742105263158,-2.441,0,0
"Jason Smith",3,"Washington","WAS",2534,183,7,0.0382513661202186,13.8469945355191,1.80828729281768,-2.43003157063931,0,0
"T. Bryant",3,"Washington","WAS",72,15,0,0,4.8,0.1,-4.2,42,0
"T. Brown Jr.",3,"Washington","WAS",937.107794818419,59.3734446702176,7.45608271223918,0.125579419446742,15.7832815667588,0.966504780647304,-2.87634204349804,15,1
"J. McRae",4,"Washington","WAS",579,59,5,0.0847457627118644,9.8135593220339,0.267357512953368,-5.75906735751295,0,0
